,FILM_release_date
0,18 October 1961 (USA)
1,10 December 2021 (USA)
2,25 November 1992 (USA)
3,Not found
4,25 December 2000 (UK)
5,25 December 1952 (Denmark)
6,1967 (USA)
7,24 December 1974 (UK)
8,6 February 2020 (Egypt)
9,1963 (Australia)
10,26 December 1951 (UK)
11,26 December 2001 (UK)
12,26 December 1957 (UK)
13,31 December 1960 (UK)
14,24 May 2019 (USA)
15,25 December 1971 (UK)
16,2017 (UK)
17,4 July 2020 (USA)
18,23 December 1927 (USA)
19,24 January 2003 (USA)
20,29 April 2011 (Germany)
21,Not found
22,Not found
23,2 May 2019 (USA)
24,18 June 1982 (USA)
25,19 December 2014 (USA)
26,Not found
27,15 November 2015 (USA)
28,Not found
29,28 December 1914 (USA)
30,4 March 1950 (USA)
31,1963 (UK)
32,22 February 1965 (USA)
33,May 1977 (USA)
34,2 November 1997 (USA)
35,31 March 1957 (USA)
36,1 July 1937 (France)
37,17 December 2001 (USA)
38,2 January 2000 (UK)
39,25 December 1970 (UK)
40,1974 (Philippines)
41,2018 (USA)
42,5 February 2021 (USA)
43,23 December 1962 (Australia)
44,12 May 1965 (Australia)
45,13 March 2015 (USA)
46,26 December 1958 (UK)
47,26 December 1950 (UK)
48,Not found
49,2 May 2013 (UK)
50,19 January 1937 (UK)
51,1995 (Italy)
52,Not found
53,18 April 2016 (USA)
54,26 December 1961 (UK)
55,1 January 2009 (Armenia)
56,25 December 1969 (UK)
57,2018 (India)
58,Not found
59,28 December 1914 (USA)
60,4 March 1950 (USA)
61,1963 (UK)
62,22 February 1965 (USA)
63,May 1977 (USA)
64,2 November 1997 (USA)
65,31 March 1957 (USA)
66,1 July 1937 (France)
67,17 December 2001 (USA)
68,2 January 2000 (UK)
69,25 December 1970 (UK)
70,1974 (Philippines)
71,2018 (USA)
72,5 February 2021 (USA)
73,23 December 1962 (Australia)
74,12 May 1965 (Australia)
75,13 March 2015 (USA)
76,26 December 1958 (UK)
77,26 December 1950 (UK)
78,Not found
79,2 May 2013 (UK)
80,19 January 1937 (UK)
81,1995 (Italy)
82,Not found
83,18 April 2016 (USA)
84,26 December 1961 (UK)
85,1 January 2009 (Armenia)
86,25 December 1969 (UK)
87,2018 (India)
88,Not found
89,28 December 1914 (USA)
90,4 March 1950 (USA)
91,1963 (UK)
92,22 February 1965 (USA)
93,May 1977 (USA)
94,2 November 1997 (USA)
95,31 March 1957 (USA)
96,1 July 1937 (France)
97,17 December 2001 (USA)
98,2 January 2000 (UK)
99,25 December 1970 (UK)
100,1974 (Philippines)
101,2018 (USA)
102,5 February 2021 (USA)
103,23 December 1962 (Australia)
104,12 May 1965 (Australia)
105,13 March 2015 (USA)
106,26 December 1958 (UK)
107,26 December 1950 (UK)
108,Not found
109,2 May 2013 (UK)
110,19 January 1937 (UK)
111,1995 (Italy)
112,Not found
113,18 April 2016 (USA)
114,26 December 1961 (UK)
115,1 January 2009 (Armenia)
116,25 December 1969 (UK)
117,2018 (India)
118,Not found
119,28 December 1914 (USA)
120,4 March 1950 (USA)
121,1963 (UK)
122,22 February 1965 (USA)
123,May 1977 (USA)
124,2 November 1997 (USA)
125,31 March 1957 (USA)
126,1 July 1937 (France)
127,17 December 2001 (USA)
128,2 January 2000 (UK)
129,25 December 1970 (UK)
130,1974 (Philippines)
131,2018 (USA)
132,5 February 2021 (USA)
133,23 December 1962 (Australia)
134,12 May 1965 (Australia)
135,13 March 2015 (USA)
136,26 December 1958 (UK)
137,26 December 1950 (UK)
138,Not found
139,2 May 2013 (UK)
140,19 January 1937 (UK)
141,1995 (Italy)
142,Not found
143,18 April 2016 (USA)
144,26 December 1961 (UK)
145,1 January 2009 (Armenia)
146,25 December 1969 (UK)
147,2018 (India)
148,Not found
149,28 December 1914 (USA)
150,4 March 1950 (USA)
151,1963 (UK)
152,22 February 1965 (USA)
153,May 1977 (USA)
154,2 November 1997 (USA)
155,31 March 1957 (USA)
156,1 July 1937 (France)
157,17 December 2001 (USA)
158,2 January 2000 (UK)
159,25 December 1970 (UK)
160,1974 (Philippines)
161,2018 (USA)
162,5 February 2021 (USA)
163,23 December 1962 (Australia)
164,12 May 1965 (Australia)
165,13 March 2015 (USA)
166,26 December 1958 (UK)
167,26 December 1950 (UK)
168,Not found
169,2 May 2013 (UK)
170,19 January 1937 (UK)
171,1995 (Italy)
172,Not found
173,18 April 2016 (USA)
174,26 December 1961 (UK)
175,1 January 2009 (Armenia)
176,25 December 1969 (UK)
177,2018 (India)
178,Not found
179,25 December 1964 (USA)
180,Not found
181,7 January 2019 (Romania)
182,Not found
183,26 March 1927 (USA)
184,23 March 1953 (Spain)
185,13 February 1972 (USA)
186,1993 (UK)
187,30 June 1962 (France)
188,Not found
189,9 January 2019 (India)
190,26 March 1927 (USA)
191,23 March 1953 (Spain)
192,13 February 1972 (USA)
193,1993 (UK)
194,30 June 1962 (France)
195,Not found
196,9 January 2019 (India)
197,20 December 1985 (USA)
198,1 August 2016 (USA)
199,29 June 1956 (USA)
200,19 March 1999 (USA)
201,29 November 2018 (USA)
202,23 November 1956 (Austria)
203,22 November 2003 (USA)
204,7 August 2013 (USA)
205,11 March 1933 (USA)
206,August 1986 (Japan)
207,30 March 1997 (Portugal)
208,17 November 2017 (USA)
209,10 February 1933 (USA)
210,30 August 1945 (USA)
211,9 March 1962 (USA)
212,1976 (USA)
213,6 October 1954 (USA)
214,26 May 1982 (France)
215,29 September 1996 (USA)
216,1 July 1999 (Australia)
217,21 September 1951 (France)
218,26 February 1917 (USA)
219,15 October 1993 (Canada)
220,17 August 1991 (USA)
221,15 May 2019 (France)
222,30 August 2013 (USA)
223,1990 (Germany)
224,Not found
225,24 January 1936 (USA)
226,April 1956 (USA)
227,4 December 2012 (Canada)
228,28 April 1962 (Norway)
229,Not found
230,1 May 1939 (USA)
231,15 March 1967 (USA)
232,2 January 1983 (Canada)
233,18 August 1983 (Australia)
234,Not found
235,30 December 1987 (UK)
236,1992 (UK)
237,Not found
238,1987 (Australia)
239,Not found
240,28 December 1973 (UK)
241,2 July 2019 (UK)
242,20 November 2011 (Australia)
243,24 December 1962 (UK)
244,3 July 1930 (USA)
245,15 June 1938 (USA)
246,10 February 2006 (India)
247,7 December 1996 (USA)
248,8 December 2010 (France)
249,6 June 2014 (India)
250,Not found
251,28 May 2016 (USA)
252,19 June 2017 (China)
253,1 February 2019 (USA)
254,21 May 2018 (USA)
255,21 July 1974 (Australia)
256,29 April 1938 (USA)
257,22 October 2004 (Sweden)
258,19 June 2002 (UK)
259,27 December 1940 (USA)
260,23 May 1984 (USA)
261,3 September 2005 (Hungary)
262,26 February 2006 (USA)
263,Not found
264,Not found
265,Not found
266,9 August 1940 (USA)
267,August 1996 (USA)
268,6 January 1980 (UK)
269,1986 (Australia)
270,2 January 1939 (UK)
271,15 December 1957 (USA)
272,8 April 1964 (Canada)
273,1986 (Canada)
274,28 September 1966 (Australia)
275,10 March 2012 (Canada)
276,4 April 2014 (USA)
277,16 September 2014 (USA)
278,5 January 2018 (USA)
279,25 October 2018 (UK)
280,2017 (USA)
281,22 October 1981 (South Africa)
282,Not found
283,Not found
284,2010 (Hungary)
285,25 November 2015 (USA)
286,23 September 2015 (France)
287,Not found
288,Not found
289,Not found
290,16 December 1938 (USA)
291,17 December 1984 (USA)
292,24 December 1977 (UK)
293,5 December 1999 (USA)
294,25 December 1947 (USA)
295,20 November 2000 (UK)
296,8 December 1994 (USA)
297,27 December 1950 (UK)
298,21 December 1981 (USA)
299,22 December 1943 (USA)
300,Not found
301,28 November 2004 (USA)
302,13 December 1970 (USA)
303,22 December 1982 (Australia)
304,2020 (UK)
305,31 December 2019 (UK)
306,6 November 2009 (USA)
307,2 December 2019 (USA)
308,Not found
309,1979 (USA)
310,19 November 2013 (USA)
311,5 December 2009 (USA)
312,16 December 2018 (UK)
313,20 November 2015 (USA)
314,Not found
315,24 December 1962 (UK)
316,Not found
317,1 November 2017 (UK)
318,11 December 2018 (Ireland)
319,2021 (UK)
320,Not found
321,23 November 2018 (USA)
322,1 December 2018 (USA)
323,16 December 1938 (USA)
324,17 December 1984 (USA)
325,24 December 1977 (UK)
326,5 December 1999 (USA)
327,25 December 1947 (USA)
328,20 November 2000 (UK)
329,8 December 1994 (USA)
330,27 December 1950 (UK)
331,21 December 1981 (USA)
332,22 December 1943 (USA)
333,Not found
334,28 November 2004 (USA)
335,13 December 1970 (USA)
336,22 December 1982 (Australia)
337,2020 (UK)
338,31 December 2019 (UK)
339,6 November 2009 (USA)
340,2 December 2019 (USA)
341,Not found
342,1979 (USA)
343,19 November 2013 (USA)
344,5 December 2009 (USA)
345,16 December 2018 (UK)
346,20 November 2015 (USA)
347,Not found
348,24 December 1962 (UK)
349,Not found
350,1 November 2017 (UK)
351,11 December 2018 (Ireland)
352,2021 (UK)
353,Not found
354,23 November 2018 (USA)
355,1 December 2018 (USA)
356,6 November 1985 (USA)
357,9 February 1973 (USA)
358,24 July 2015 (USA)
359,21 May 1974 (UK)
360,2009 (Australia)
361,4 October 2010 (Australia)
362,17 February 1960 (Australia)
363,21 May 1974 (UK)
364,2009 (Australia)
365,4 October 2010 (Australia)
366,17 February 1960 (Australia)
367,24 December 1917 (USA)
368,10 February 1924 (USA)
369,26 October 1945 (USA)
370,27 April 1984 (USA)
371,Not found
372,12 April 1999 (USA)
373,21 July 1988 (Philippines)
374,14 June 1970 (Philippines)
375,31 January 2010 (Canada)
376,1 April 2007 (USA)
377,Not found
378,24 July 2015 (USA)
379,2008 (France)
380,18 May 2014 (USA)
381,Not found
382,Not found
383,Not found
384,19 October 2012 (USA)
385,10 July 1999 (USA)
386,Not found
387,Not found
388,Not found
389,20 September 1956 (Argentina)
390,22 August 1982 (USA)
391,18 June 1967 (Philippines)
392,September 2014 (USA)
393,Not found
394,21 July 2017 (India)
395,2 February 1910 (USA)
396,15 April 1911 (USA)
397,22 September 1913 (UK)
398,8 November 1921 (USA)
399,11 June 1948 (Australia)
400,Not found
401,4 December 1955 (Sweden)
402,23 September 1964 (USA)
403,Not found
404,9 April 1970 (UK)
405,7 November 1970 (USA)
406,Not found
407,21 November 1976 (UK)
408,Not found
409,18 January 1991 (USA)
410,25 December 1996 (USA)
411,Not found
412,23 June 2000 (USA)
413,Not found
414,26 April 1953 (USA)
415,Not found
416,10 December 2000 (USA)
417,21 March 1990 (France)
418,Not found
419,Not found
420,2 January 1992 (Finland)
421,Not found
422,23 June 1979 (France)
423,22 August 1983 (Hungary)
424,1964 (Argentina)
425,25 January 2007 (Netherlands)
426,19 November 2005 (Ireland)
427,20 September 1962 (Belgium)
428,2007 (UK)
429,Not found
430,2019 (Netherlands)
431,10 November 2017 (Sweden)
432,Not found
433,15 September 1980 (Yugoslavia)
434,1 May 2020 (Germany)
435,Not found
436,23 April 2010 (USA)
437,7 October 1970 (Finland)
438,25 August 1993 (Netherlands)
439,17 June 1959 (Australia)
440,10 January 2014 (USA)
441,Not found
442,Not found
443,10 October 1985 (Finland)
444,Not found
445,Not found
446,23 March 2015 (UK)
447,28 April 2017 (UK)
448,Not found
449,Not found
450,24 April 2016 (USA)
451,9 November 2017 (Georgia)
452,Not found
453,16 December 2013 (France)
454,Not found
455,31 March 1983 (Hungary)
456,31 March 2018 (UK)
457,Not found
458,24 July 1938 (UK)
459,Not found
460,13 November 1953 (West Germany)
461,4 June 1953 (USA)
462,23 April 1964 (UK)
463,21 February 1970 (Japan)
464,14 February 1979 (USA)
465,Not found
466,17 November 1966 (Canada)
467,1953 (USA)
468,2007 (USA)
469,31 October 2010 (USA)
470,1 April 2011 (UK)
471,24 June 2012 (UK)
472,22 November 1988 (West Germany)
473,Not found
474,4 June 1916 (USA)
475,31 December 1915 (France)
476,Not found
477,10 May 1949 (Mexico)
478,20 February 1949 (UK)
479,28 November 1954 (USA)
480,20 November 1960 (USA)
481,Not found
482,5 November 1983 (UK)
483,Not found
484,18 May 1987 (France)
485,16 January 1987 (Finland)
486,16 May 1997 (UK)
487,Not found
488,15 January 1998 (UK)
489,Not found
490,Not found
491,16 March 1983 (Hungary)
492,20 October 1959 (France)
493,1965 (Australia)
494,22 January 1961 (Canada)
495,26 November 2002 (USA)
496,22 February 2003 (USA)
497,18 December 1971 (West Germany)
498,1993 (Finland)
499,21 September 2006 (Australia)
500,10 December 2004 (Sweden)
501,10 September 1974 (West Germany)
502,17 November 1968 (USA)
503,Not found
504,Not found
505,November 1960 (Italy)
506,20 February 1975 (Italy)
507,2020 (UK)
508,20 October 2016 (Spain)
509,1981 (Czechoslovakia)
510,20 May 2015 (UK)
511,Not found
512,19 May 2006 (USA)
513,17 November 2009 (USA)
514,1960 (Australia)
515,13 June 2011 (USA)
516,2004 (USA)
517,13 March 1989 (Portugal)
518,January 1976 (Italy)
519,1 January 2013 (USA)
520,April 2009 (France)
521,2006 (Italy)
522,11 December 2015 (USA)
523,Not found
524,25 June 2014 (UK)
525,13 March 2018 (UK)
526,Not found
527,Not found
528,25 September 1980 (South Africa)
529,18 March 2017 (USA)
530,2018 (USA)
531,Not found
532,13 October 1963 (West Germany)
533,2011 (UK)
534,February 1914 (USA)
535,July 1916 (UK)
536,1 July 1947 (UK)
537,7 October 1973 (USA)
538,17 December 1980 (UK)
539,Not found
540,Not found
541,18 February 2005 (USA)
542,4 August 2016 (UK)
543,21 May 2016 (UK)
544,1 January 2009 (USA)
545,1961 (Australia)
546,Not found
547,12 April 1987 (South Africa)
548,22 October 1916 (USA)
549,19 October 1916 (USA)
550,3 September 1936 (USA)
551,25 November 1954 (Italy)
552,5 October 1966 (USA)
553,8 October 1968 (USA)
554,Not found
555,22 September 1976 (UK)
556,1984 (UK)
557,Not found
558,14 November 1981 (USA)
559,22 July 2014 (USA)
560,1 April 2014 (Ireland)
561,25 December 2007 (UK)
562,25 December 2014 (Italy)
563,15 May 2018 (UK)
564,3 March 2018 (Canada)
565,Not found
566,Not found
567,2013 (UK)
568,17 December 1916 (USA)
569,July 1970 (UK)
570,Not found
571,18 October 1982 (USA)
572,26 January 1984 (USA)
573,3 April 2002 (France)
574,Not found
575,Not found
576,Not found
577,25 December 2008 (UK)
578,2017 (USA)
579,25 February 2015 (USA)
580,1 September 2018 (UK)
581,28 September 2018 (USA)
582,December 2017 (Russia)
583,Not found
584,30 October 1935 (USA)
585,24 July 1946 (UK)
586,Not found
587,17 April 1967 (USA)
588,9 February 1969 (USA)
589,13 December 1981 (UK)
590,1982 (USA)
591,February 1985 (UK)
592,29 November 1996 (UK)
593,14 May 1999 (USA)
594,Not found
595,1999 (UK)
596,Not found
597,17 October 2019 (USA)
598,7 November 2019 (Australia)
599,23 April 2020 (UK)
600,4 July 2015 (France)
601,29 November 2010 (USA)
602,1959 (USA)
603,28 November 2006 (Slovenia)
604,22 June 2015 (USA)
605,Not found
606,30 May 2016 (UK)
607,13 July 2018 (USA)
608,23 April 2016 (UK)
609,2017 (USA)
610,Not found
611,28 October 1982 (South Africa)
612,10 May 2009 (UK)
613,23 March 1919 (USA)
614,Not found
615,28 December 1949 (USA)
616,13 February 1961 (USA)
617,27 November 2019 (Philippines)
618,Not found
619,Not found
620,Not found
621,11 March 1917 (USA)
622,25 December 1935 (USA)
623,4 August 1958 (USA)
624,2 December 1980 (USA)
625,8 June 1984 (Australia)
626,2 October 1958 (UK)
627,Not found
628,18 December 2020 (USA)
629,Not found
630,21 September 1962 (UK)
631,1979 (Bangladesh)
632,Not found
633,Not found
634,17 July 1938 (UK)
635,Not found
636,11 September 2010 (USA)
637,1963 (UK)
638,1961 (Australia)
639,25 March 2001 (UK)
640,14 November 1948 (UK)
641,Not found
642,Not found
643,20 December 1982 (USA)
644,13 March 2015 (USA)
645,29 November 1937 (UK)
646,Not found
647,1 November 1974 (West Germany)
648,14 December 1914 (USA)
649,4 May 1967 (USA)
650,Not found
651,27 November 1996 (USA)
652,July 2012 (South Korea)
653,4 December 2014 (UK)
654,2010 (UK)
655,27 June 1914 (USA)
656,6 November 1921 (USA)
657,15 August 1934 (USA)
658,7 April 1944 (USA)
659,24 March 1971 (USA)
660,12 April 1996 (USA)
661,19 October 1997 (USA)
662,27 April 1961 (USA)
663,Not found
664,6 May 1910 (USA)
665,22 January 1958 (Netherlands)
666,22 April 2011 (USA)
667,29 September 1946 (UK)
668,26 September 1948 (UK)
669,31 January 2019 (China)
670,19 October 1914 (USA)
671,23 April 1993 (UK)
672,21 December 1914 (USA)
673,4 February 1924 (UK)
674,19 May 1937 (UK)
675,17 May 1955 (USA)
676,Not found
677,5 February 1974 (USA)
678,2012 (Japan)
679,16 August 1915 (USA)
680,2 August 1915 (USA)
681,28 May 2012 (USA)
682,1 January 2015 (USA)
683,4 May 1919 (USA)
684,6 April 1964 (USA)
685,12 October 1917 (USA)
686,22 October 1999 (USA)
687,19 January 2006 (Germany)
688,20 March 2006 (UK)
689,Not found
690,2006 (USA)
691,11 June 1917 (USA)
692,9 June 1918 (USA)
693,12 February 1922 (USA)
694,10 April 1973 (Netherlands)
695,17 May 1973 (France)
696,15 November 1959 (USA)
697,Not found
698,4 November 1952 (UK)
699,2012 (UK)
700,19 January 1918 (USA)
701,1 August 1927 (USA)
702,27 September 1991 (Netherlands)
703,1 December 2001 (Greece)
704,Not found
705,4 November 1917 (USA)
706,7 February 1935 (USA)
707,9 November 1982 (USA)
708,Not found
709,Not found
710,Not found
711,13 May 1918 (USA)
712,9 April 1930 (USA)
713,Not found
714,11 November 1937 (UK)
715,Not found
716,19 March 1954 (UK)
717,2 February 2018 (UK)
718,5 January 1919 (USA)
719,24 November 1933 (USA)
720,April 1949 (USA)
721,25 December 1994 (USA)
722,16 October 1958 (USA)
723,July 1917 (UK)
724,29 January 1946 (USA)
725,22 December 1939 (USA)
726,25 December 2019 (USA)
727,Not found
728,28 September 2018 (USA)
729,8 July 1918 (USA)
730,Not found
731,27 May 1984 (USA)
732,28 August 1985 (France)
733,23 October 1987 (USA)
734,February 1964 (USA)
735,25 December 2000 (Denmark)
736,19 September 2001 (France)
737,3 October 1978 (UK)
738,2021 (USA)
739,June 2021 (France)
740,2009 (USA)
741,Not found
742,Not found
743,Not found
744,Not found
745,1 May 2001 (Ireland)
746,September 2012 (Germany)
747,23 February 1956 (UK)
748,Not found
749,1 June 2016 (New Zealand)
750,Not found
751,Not found
752,Not found
753,12 October 2018 (Austria)
754,Not found
755,4 June 2019 (USA)
756,Not found
757,Not found
758,10 August 1918 (USA)
759,16 April 1953 (Argentina)
760,1 January 1923 (USA)
761,16 February 1975 (West Germany)
762,30 May 1992 (UK)
763,7 August 1981 (Philippines)
764,11 June 1971 (West Germany)
765,1952 (Philippines)
766,19 July 2019 (Germany)
767,1 May 1968 (Australia)
768,1990 (Germany)
769,2008 (UK)
770,Not found
771,27 March 2012 (USA)
772,June 2014 (Iceland)
773,26 September 1957 (UK)
774,20 October 1959 (West Germany)
775,January 1920 (Germany)
776,28 April 1985 (Hungary)
777,6 October 1919 (USA)
778,31 December 1970 (UK)
779,25 June 2004 (Australia)
780,4 November 2011 (India)
781,4 December 2009 (USA)
782,13 January 2012 (Nepal)
783,Not found
784,12 January 1919 (USA)
785,22 July 1949 (Brazil)
786,30 November 1987 (USA)
787,13 August 1993 (USA)
788,Not found
789,7 August 2020 (USA)
790,1 May 2016 (USA)
791,Not found
792,17 September 2020 (Australia)
793,22 September 1920 (USA)
794,Not found
795,23 September 1951 (USA)
796,26 April 1955 (UK)
797,10 September 1921 (USA)
798,20 August 1927 (USA)
799,3 November 1989 (USA)
800,Not found
801,Not found
802,28 October 2014 (USA)
803,2003 (USA)
804,20 February 2020 (Kuwait)
805,27 November 1921 (USA)
806,Not found
807,2 December 2016 (USA)
808,14 October 2010 (India)
809,10 May 2012 (Netherlands)
810,2013 (USA)
811,Not found
812,March 1920 (USA)
813,Not found
814,April 1922 (USA)
815,12 February 1937 (USA)
816,15 July 1982 (Australia)
817,2 February 2001 (USA)
818,18 July 2014 (USA)
819,12 October 2018 (USA)
820,6 March 1922 (USA)
821,15 September 1972 (West Germany)
822,9 December 1918 (USA)
823,27 October 2017 (USA)
824,2019 (USA)
825,25 November 1923 (USA)
826,21 February 1930 (USA)
827,22 December 1930 (Germany)
828,Not found
829,16 September 1960 (Italy)
830,8 May 1964 (Finland)
831,1982 (Greece)
832,23 July 1946 (UK)
833,4 January 1963 (UK)
834,22 October 1923 (USA)
835,6 April 1929 (USA)
836,21 December 1956 (USA)
837,March 1975 (USA)
838,Not found
839,22 September 1925 (USA)
840,15 August 1967 (USA)
841,5 December 2002 (Spain)
842,11 August 2006 (USA)
843,4 September 1939 (UK)
844,14 April 2009 (United Arab Emirates)
845,Not found
846,26 October 2017 (UK)
847,5 October 1972 (USA)
848,28 April 2017 (USA)
849,12 September 1948 (UK)
850,Not found
851,Not found
852,20 August 2016 (USA)
853,Not found
854,20 August 1959 (USA)
855,20 November 1955 (USA)
856,26 July 1949 (UK)
857,10 May 1926 (USA)
858,13 December 1956 (USA)
859,24 October 1982 (USA)
860,21 November 1997 (USA)
861,10 October 1926 (USA)
862,28 August 1953 (USA)
863,Not found
864,1 September 1927 (USA)
865,25 December 1981 (USA)
866,11 May 1929 (USA)
867,3 December 1974 (USA)
868,13 November 1978 (USA)
869,20 February 1983 (USA)
870,25 July 1932 (UK)
871,Not found
872,1 August 2003 (USA)
873,3 April 2015 (USA)
874,2 November 2014 (UK)
875,16 December 2016 (Nigeria)
876,October 2017 (Germany)
877,Not found
878,15 September 1929 (USA)
879,7 December 1942 (UK)
880,November 1973 (USA)
881,22 May 1938 (UK)
882,Not found
883,7 April 2011 (France)
884,November 2011 (France)
885,6 October 1929 (USA)
886,19 December 1951 (France)
887,11 January 1985 (USA)
888,2002 (USA)
889,Not found
890,2 August 2018 (Bolivia)
891,10 January 2020 (USA)
892,24 May 1929 (USA)
893,15 May 1948 (USA)
894,5 April 1998 (USA)
895,26 January 1930 (USA)
896,22 September 1930 (UK)
897,1 February 1960 (USA)
898,21 October 1938 (UK)
899,1980 (UK)
900,20 April 1930 (USA)
901,Not found
902,29 December 1981 (UK)
903,January 2015 (UK)
904,14 February 1931 (USA)
905,16 June 1958 (UK)
906,8 February 1974 (USA)
907,20 July 1979 (USA)
908,13 November 1992 (USA)
909,1994 (USA)
910,11 February 2007 (USA)
911,30 September 2019 (USA)
912,7 January 2020 (USA)
913,19 May 1999 (India)
914,24 November 1972 (West Germany)
915,Not found
916,4 April 1931 (USA)
917,20 December 1974 (Canada)
918,15 August 1948 (UK)
919,11 November 1945 (USA)
920,31 January 1970 (USA)
921,12 December 1931 (USA)
922,12 August 1939 (UK)
923,28 December 1976 (UK)
924,4 October 1931 (USA)
925,17 January 1998 (USA)
926,Not found
927,Not found
928,2021 (USA)
929,Not found
930,Not found
931,1 July 1932 (USA)
932,11 September 1932 (USA)
933,1987 (Finland)
934,Not found
935,8 April 2016 (Norway)
936,Not found
937,29 December 1933 (USA)
938,12 January 1934 (USA)
939,11 December 1989 (USA)
940,7 July 1933 (USA)
941,10 March 2017 (USA)
942,2017 (USA)
943,7 April 1933 (USA)
944,17 December 1976 (USA)
945,1962 (India)
946,14 December 2005 (USA)
947,Not found
948,7 January 2018 (Brazil)
949,December 1975 (USA)
950,1 October 1934 (UK)
951,Not found
952,11 May 1934 (USA)
953,1 August 1935 (USA)
954,13 March 1959 (UK)
955,Not found
956,28 December 2008 (UK)
957,23 August 1935 (USA)
958,1 February 1935 (USA)
959,25 December 1992 (Sweden)
960,14 November 1937 (USA)
961,4 December 1988 (USA)
962,21 November 1936 (USA)
963,12 November 1937 (USA)
964,30 April 1937 (USA)
965,17 April 1964 (Canada)
966,26 February 1937 (Netherlands)
967,3 March 1939 (USA)
968,2 June 1968 (Sweden)
969,2 September 1935 (Germany)
970,Not found
971,6 February 1963 (USA)
972,12 July 1980 (West Germany)
973,8 February 1948 (UK)
974,Not found
975,4 January 1976 (Netherlands)
976,19 December 1982 (Hungary)
977,15 September 1957 (East Germany)
978,31 August 1956 (West Germany)
979,20 March 1954 (UK)
980,Not found
981,18 April 1975 (USA)
982,11 February 1938 (USA)
983,2 July 1986 (UK)
984,5 September 1939 (USA)
985,21 February 1996 (France)
986,25 January 1962 (Austria)
987,Not found
988,17 September 2019 (USA)
989,12 January 1940 (USA)
990,29 November 1981 (USA)
991,2 October 1992 (USA)
992,31 January 1968 (USA)
993,22 February 2015 (Denmark)
994,7 July 1939 (USA)
995,17 November 1957 (USA)
996,Not found
997,August 2011 (Australia)
998,1 September 1939 (USA)
999,12 September 2008 (USA)
1000,Not found
1001,19 April 1940 (USA)
1002,2 February 1964 (USA)
1003,15 April 1945 (USA)
1004,15 March 1940 (USA)
1005,Not found
1006,24 May 1940 (USA)
1007,30 May 1977 (USA)
1008,24 May 2003 (USA)
1009,29 August 1941 (USA)
1010,16 December 1956 (USA)
1011,2 August 1941 (UK)
1012,10 October 1966 (UK)
1013,27 March 1958 (West Germany)
1014,24 January 1942 (USA)
1015,7 October 2000 (USA)
1016,29 November 1972 (USA)
1017,23 March 1947 (UK)
1018,27 November 1943 (USA)
1019,9 September 1958 (UK)
1020,7 February 1950 (West Germany)
1021,13 July 1953 (UK)
1022,19 December 1997 (USA)
1023,27 November 1987 (Hungary)
1024,April 1915 (Italy)
1025,2 October 2012 (UK)
1026,21 December 2018 (India)
1027,23 September 1944 (USA)
1028,2 April 1969 (USA)
1029,January 1945 (USA)
1030,26 April 1959 (USA)
1031,24 August 1946 (USA)
1032,12 November 1974 (USA)
1033,29 September 1946 (USA)
1034,2021 (UK)
1035,14 May 1945 (UK)
1036,14 January 1956 (USA)
1037,7 December 1966 (USA)
1038,12 May 1946 (USA)
1039,16 November 1948 (UK)
1040,2021 (USA)
1041,2008 (UK)
1042,28 December 1978 (South Africa)
1043,February 1948 (USA)
1044,30 June 1999 (USA)
1045,1999 (UK)
1046,5 June 2018 (UK)
1047,3 December 1947 (USA)
1048,29 January 2002 (USA)
1049,May 1948 (USA)
1050,Not found
1051,2011 (UK)
1052,6 September 1948 (UK)
1053,Not found
1054,10 March 2010 (Philippines)
1055,Not found
1056,Not found
1057,17 January 1948 (USA)
1058,3 December 1976 (USA)
1059,8 May 1981 (India)
1060,22 September 2006 (India)
1061,23 March 2020 (India)
1062,26 April 2013 (India)
1063,25 December 2008 (India)
1064,8 March 2019 (India)
1065,6 June 1950 (USA)
1066,29 October 1999 (UK)
1067,13 March 1958 (UK)
1068,18 December 1949 (UK)
1069,13 January 1948 (UK)
1070,February 1951 (USA)
1071,26 March 1993 (USA)
1072,28 October 1956 (USA)
1073,23 February 1951 (Finland)
1074,8 December 1966 (USA)
1075,16 December 1973 (USA)
1076,27 May 1987 (France)
1077,21 December 1950 (USA)
1078,21 March 1972 (USA)
1079,1996 (USA)
1080,12 February 2021 (USA)
1081,Not found
1082,26 August 2018 (USA)
1083,9 May 1952 (Finland)
1084,15 September 1985 (USA)
1085,Not found
1086,8 May 1966 (USA)
1087,9 January 2000 (USA)
1088,1 December 1951 (West Germany)
1089,4 March 1984 (USA)
1090,29 October 1995 (USA)
1091,31 October 1952 (Finland)
1092,16 November 1976 (USA)
1093,4 November 2002 (USA)
1094,30 September 1965 (West Germany)
1095,18 October 2013 (USA)
1096,13 February 1953 (USA)
1097,31 December 1977 (USA)
1098,Not found
1099,15 August 1952 (Ireland)
1100,29 May 1988 (UK)
1101,14 May 1992 (USA)
1102,Not found
1103,21 June 2002 (USA)
1104,6 September 1938 (UK)
1105,9 June 1946 (UK)
1106,2019 (Switzerland)
1107,27 March 2020 (USA)
1108,2 June 2011 (USA)
1109,18 December 1957 (Australia)
1110,Not found
1111,8 October 2015 (USA)
1112,2 January 1949 (UK)
1113,28 October 2018 (UK)
1114,14 August 1952 (USA)
1115,27 December 1978 (USA)
1116,1 October 1953 (USA)
1117,23 May 1993 (USA)
1118,18 April 1978 (UK)
1119,24 December 1983 (UK)
1120,1987 (USA)
1121,Not found
1122,Not found
1123,18 March 1955 (France)
1124,13 September 2015 (UK)
1125,4 May 1948 (UK)
1126,18 November 2006 (Germany)
1127,1 June 2018 (UK)
1128,22 June 1954 (Japan)
1129,25 November 1955 (France)
1130,1 November 1955 (USA)
1131,25 November 2011 (UK)
1132,December 1955 (USA)
1133,10 November 1986 (USA)
1134,Not found
1135,16 April 2000 (USA)
1136,Not found
1137,Not found
1138,Not found
1139,28 August 1972 (India)
1140,Not found
1141,25 July 2014 (USA)
1142,10 October 2008 (India)
1143,2014 (India)
1144,13 December 1955 (USA)
1145,28 April 1973 (Japan)
1146,13 April 2019 (USA)
1147,6 November 2010 (USA)
1148,5 November 2011 (USA)
1149,September 1956 (USA)
1150,Not found
1151,8 May 1957 (USA)
1152,4 December 1967 (USA)
1153,Not found
1154,30 December 1979 (UK)
1155,23 June 1946 (UK)
1156,4 July 1957 (USA)
1157,29 August 1958 (USA)
1158,6 December 1976 (USA)
1159,19 August 1984 (USA)
1160,3 December 1958 (USA)
1161,1975 (USA)
1162,Not found
1163,6 May 1958 (Japan)
1164,13 December 1957 (USA)
1165,20 November 1963 (UK)
1166,24 May 1967 (West Germany)
1167,17 April 1959 (Netherlands)
1168,26 November 1967 (USA)
1169,17 November 1980 (USA)
1170,Not found
1171,30 August 1960 (West Germany)
1172,20 March 1988 (USA)
1173,29 May 1999 (USA)
1174,18 November 1965 (USA)
1175,6 October 1961 (USA)
1176,18 December 1961 (Sweden)
1177,18 May 1961 (UK)
1178,25 February 2008 (USA)
1179,14 June 1961 (USA)
1180,18 December 1991 (USA)
1181,11 March 2003 (USA)
1182,Not found
1183,27 May 2013 (USA)
1184,14 July 1986 (South Africa)
1185,14 July 1986 (South Africa)
1186,Not found
1187,April 1962 (Austria)
1188,27 November 1963 (Argentina)
1189,13 April 1987 (USA)
1190,23 November 1982 (USA)
1191,2014 (UK)
1192,28 July 1962 (USA)
1193,14 October 1979 (USA)
1194,26 December 1963 (USA)
1195,27 October 2005 (USA)
1196,Not found
1197,20 September 1963 (USA)
1198,30 March 1925 (Germany)
1199,26 December 1993 (Sweden)
1200,7 May 1917 (USA)
1201,August 1920 (Italy)
1202,15 March 1980 (Italy)
1203,Not found
1204,7 January 1975 (Norway)
1205,Not found
1206,30 October 1963 (West Germany)
1207,26 April 1984 (Belgium)
1208,12 June 2004 (USA)
1209,3 March 1981 (UK)
1210,26 April 2006 (Germany)
1211,17 May 1974 (West Germany)
1212,24 October 1967 (France)
1213,1 January 1980 (Denmark)
1214,22 October 1973 (Finland)
1215,16 May 1994 (Mexico)
1216,23 March 1980 (East Germany)
1217,8 September 2016 (France)
1218,18 January 1978 (Canada)
1219,27 September 1976 (Portugal)
1220,Not found
1221,11 January 1961 (Australia)
1222,19 November 1978 (West Germany)
1223,3 October 1983 (South Africa)
1224,3 February 1960 (USA)
1225,27 February 1980 (UK)
1226,May 1980 (UK)
1227,5 February 1939 (UK)
1228,13 December 1998 (USA)
1229,April 2001 (USA)
1230,7 January 2011 (Brazil)
1231,February 2004 (UK)
1232,10 May 1951 (UK)
1233,14 June 2012 (USA)
1234,1963 (Australia)
1235,20 February 1983 (Canada)
1236,28 May 2014 (UK)
1237,Not found
1238,17 March 2019 (USA)
1239,22 November 1991 (USA)
1240,11 October 2019 (USA)
1241,23 April 1964 (Denmark)
1242,14 February 2008 (USA)
1243,7 June 1981 (UK)
1244,7 August 2020 (USA)
1245,5 November 2012 (Australia)
1246,30 September 2016 (USA)
1247,6 August 1964 (USA)
1248,11 September 1964 (Finland)
1249,Not found
1250,Not found
1251,20 April 2001 (USA)
1252,Not found
1253,3 May 2007 (USA)
1254,Not found
1255,2020 (UK)
1256,Not found
1257,Not found
1258,Not found
1259,Not found
1260,11 September 2015 (USA)
1261,9 October 2015 (USA)
1262,Not found
1263,2020 (UK)
1264,31 December 1965 (USA)
1265,29 June 1965 (Japan)
1266,2012 (USA)
1267,2016 (USA)
1268,12 March 1965 (West Germany)
1269,11 February 1988 (Australia)
1270,19 February 1981 (Netherlands)
1271,31 October 2003 (USA)
1272,Not found
1273,26 December 1957 (Austria)
1274,8 March 1961 (Australia)
1275,21 September 2018 (Nigeria)
1276,3 August 1963 (Austria)
1277,9 September 1966 (Finland)
1278,18 June 1999 (USA)
1279,20 February 2014 (Germany)
1280,3 May 1967 (France)
1281,21 December 1988 (USA)
1282,Not found
1283,1 January 1957 (UK)
1284,22 April 1959 (Australia)
1285,26 July 2018 (Portugal)
1286,5 April 2019 (South Africa)
1287,2020 (USA)
1288,22 June 1966 (USA)
1289,25 May 1967 (USA)
1290,21 March 1982 (USA)
1291,2 November 1967 (Netherlands)
1292,21 December 1967 (USA)
1293,22 March 1938 (UK)
1294,17 June 1947 (UK)
1295,21 December 1967 (Netherlands)
1296,1982 (USA)
1297,Not found
1298,28 July 1939 (USA)
1299,25 December 1938 (UK)
1300,26 December 1984 (UK)
1301,26 December 1946 (UK)
1302,30 October 1968 (USA)
1303,23 May 2004 (USA)
1304,25 July 1969 (West Germany)
1305,14 December 2017 (United Arab Emirates)
1306,Not found
1307,24 July 1968 (West Germany)
1308,25 September 1994 (France)
1309,6 May 1966 (Austria)
1310,1 May 2012 (Russia)
1311,Not found
1312,14 January 2015 (USA)
1313,Not found
1314,9 October 1980 (Austria)
1315,16 May 1968 (USA)
1316,2015 (China)
1317,28 November 2019 (USA)
1318,16 December 1981 (UK)
1319,8 July 1965 (UK)
1320,3 November 2017 (USA)
1321,Not found
1322,17 March 1970 (USA)
1323,30 September 2020 (USA)
1324,20 May 1970 (UK)
1325,Not found
1326,Not found
1327,22 May 2005 (Taiwan)
1328,28 January 1970 (France)
1329,1 April 1988 (Denmark)
1330,25 March 1963 (Sweden)
1331,Not found
1332,14 October 1989 (Spain)
1333,Not found
1334,1965 (Italy)
1335,24 July 1989 (Italy)
1336,15 November 1983 (Norway)
1337,1979 (Soviet Union)
1338,4 March 1984 (Australia)
1339,12 December 1963 (West Germany)
1340,October 2012 (USA)
1341,19 December 1982 (Netherlands)
1342,30 July 2009 (Italy)
1343,September 2016 (Spain)
1344,11 January 1957 (Italy)
1345,9 May 2019 (Chile)
1346,27 March 1970 (Canada)
1347,2006 (USA)
1348,20 January 2008 (USA)
1349,14 January 2002 (India)
1350,2020 (India)
1351,Not found
1352,21 February 2020 (Japan)
1353,4 August 2020 (USA)
1354,Not found
1355,Not found
1356,Not found
1357,March 2014 (South Africa)
1358,10 November 2014 (Philippines)
1359,30 November 2007 (India)
1360,7 November 2018 (USA)
1361,26 March 1967 (Sweden)
1362,Not found
1363,24 January 1963 (West Germany)
1364,15 March 1973 (Belgium)
1365,Not found
1366,September 2004 (USA)
1367,4 January 1956 (Denmark)
1368,1 February 1982 (Netherlands)
1369,21 January 1969 (Italy)
1370,29 December 1961 (UK)
1371,30 March 1964 (Denmark)
1372,25 December 1984 (East Germany)
1373,5 August 1962 (Australia)
1374,6 October 1946 (UK)
1375,10 April 1939 (UK)
1376,7 April 1961 (Italy)
1377,12 January 2000 (France)
1378,1974 (Australia)
1379,13 October 1981 (UK)
1380,17 April 1962 (UK)
1381,5 March 2020 (UK)
1382,Not found
1383,16 February 1947 (UK)
1384,January 1974 (Greece)
1385,3 October 2013 (USA)
1386,Not found
1387,7 July 2017 (USA)
1388,19 September 1966 (Sweden)
1389,Not found
1390,12 June 1971 (France)
1391,1 January 1975 (France)
1392,25 January 1970 (West Germany)
1393,17 November 1987 (Norway)
1394,16 August 1965 (Belgium)
1395,5 July 1965 (Yugoslavia)
1396,20 June 1963 (Denmark)
1397,13 May 1964 (Norway)
1398,15 December 1976 (Finland)
1399,1965 (Australia)
1400,8 March 1964 (Austria)
1401,4 December 1982 (Austria)
1402,September 1971 (USA)
1403,4 June 1972 (USA)
1404,13 March 2002 (UK)
1405,28 November 1972 (USA)
1406,3 November 1995 (USA)
1407,15 December 2005 (USA)
1408,18 December 2008 (USA)
1409,28 January 1976 (Mexico)
1410,30 March 2002 (UK)
1411,Not found
1412,Not found
1413,15 October 1991 (USA)
1414,12 June 1962 (France)
1415,Not found
1416,April 1976 (UK)
1417,27 January 1995 (USA)
1418,6 November 2003 (Canada)
1419,16 April 1977 (France)
1420,Not found
1421,Not found
1422,Not found
1423,2021 (USA)
1424,April 1995 (UK)
1425,Not found
1426,29 October 1973 (USA)
1427,12 December 1962 (West Germany)
1428,10 December 1974 (USA)
1429,Not found
1430,9 October 2010 (USA)
1431,12 December 2014 (USA)
1432,Not found
1433,Not found
1434,30 August 1974 (USA)
1435,Not found
1436,23 February 2007 (USA)
1437,16 January 2020 (USA)
1438,5 April 2019 (USA)
1439,April 1976 (UK)
1440,21 May 1996 (USA)
1441,17 June 2011 (USA)
1442,30 April 1967 (Netherlands)
1443,28 November 1962 (UK)
1444,1 December 2014 (Greece)
1445,August 1974 (USA)
1446,Not found
1447,1999 (Argentina)
1448,15 June 2007 (USA)
1449,18 December 1974 (France)
1450,10 September 2018 (Canada)
1451,26 August 2008 (USA)
1452,25 September 2013 (France)
1453,27 October 1995 (Japan)
1454,24 August 2017 (Netherlands)
1455,Not found
1456,15 December 1974 (USA)
1457,October 1991 (USA)
1458,March 2006 (USA)
1459,Not found
1460,2020 (Poland)
1461,7 November 2009 (Spain)
1462,2021 (UK)
1463,20 April 2011 (Canada)
1464,Not found
1465,2014 (USA)
1466,21 October 2014 (USA)
1467,14 May 2015 (USA)
1468,Not found
1469,23 September 2018 (USA)
1470,Not found
1471,Not found
1472,Not found
1473,Not found
1474,Not found
1475,27 September 1975 (USA)
1476,18 April 2009 (USA)
1477,27 May 1975 (USA)
1478,27 October 1960 (UK)
1479,22 November 2011 (UK)
1480,Not found
1481,22 October 1975 (UK)
1482,19 November 1975 (USA)
1483,29 October 1975 (UK)
1484,Not found
1485,28 March 1977 (Poland)
1486,8 April 2005 (USA)
1487,Not found
1488,Not found
1489,28 August 2009 (Italy)
1490,Not found
1491,13 April 2019 (Germany)
1492,Not found
1493,26 June 2017 (Bahrain)
1494,Not found
1495,May 2019 (UK)
1496,Not found
1497,17 April 2017 (Spain)
1498,8 January 1976 (UK)
1499,28 December 1997 (USA)
1500,9 June 1977 (USA)
1501,10 April 1998 (USA)
1502,Not found
1503,Not found
1504,Not found
1505,28 July 2017 (USA)
1506,Not found
1507,Not found
1508,27 November 1976 (USA)
1509,28 June 2019 (India)
1510,26 December 1976 (Denmark)
1511,8 December 1981 (UK)
1512,17 March 1978 (USA)
1513,21 May 1994 (Japan)
1514,2 December 1966 (USA)
1515,2 February 1980 (UK)
1516,Not found
1517,Not found
1518,20 October 1977 (UK)
1519,30 October 2008 (Slovakia)
1520,4 December 1977 (USA)
1521,1998 (USA)
1522,15 May 2003 (Singapore)
1523,4 September 2004 (UK)
1524,16 May 2019 (USA)
1525,Not found
1526,Not found
1527,Not found
1528,1979 (New Zealand)
1529,30 November 1977 (USA)
1530,16 January 2004 (USA)
1531,25 March 2018 (UK)
1532,16 December 1977 (USA)
1533,17 May 1978 (USA)
1534,7 March 1957 (UK)
1535,14 December 1978 (Australia)
1536,19 October 1990 (Italy)
1537,2 August 1996 (USA)
1538,Not found
1539,Not found
1540,26 October 2017 (Russia)
1541,8 October 1979 (USA)
1542,1978 (Italy)
1543,3 May 1979 (USA)
1544,13 June 1980 (USA)
1545,18 May 1990 (France)
1546,26 October 2002 (Ireland)
1547,5 December 2008 (UK)
1548,Not found
1549,January 2016 (Sweden)
1550,10 October 1980 (USA)
1551,4 January 1982 (USA)
1552,Not found
1553,28 December 1980 (USA)
1554,7 March 1980 (USA)
1555,14 January 2002 (USA)
1556,2 October 2012 (USA)
1557,26 September 2015 (USA)
1558,5 June 1981 (USA)
1559,11 October 2002 (USA)
1560,6 June 1980 (USA)
1561,2016 (USA)
1562,12 February 1982 (USA)
1563,29 April 2001 (USA)
1564,28 September 1979 (Canada)
1565,31 August 1988 (USA)
1566,5 May 1995 (USA)
1567,14 August 2020 (Poland)
1568,Not found
1569,16 April 1981 (UK)
1570,Not found
1571,Not found
1572,22 April 2018 (Canada)
1573,Not found
1574,27 August 2000 (Canada)
1575,13 July 1962 (Belgium)
1576,Not found
1577,Not found
1578,Not found
1579,Not found
1580,4 November 1921 (Germany)
1581,27 March 2015 (Poland)
1582,6 November 2014 (Netherlands)
1583,March 2015 (USA)
1584,Not found
1585,Not found
1586,Not found
1587,1 March 2020 (USA)
1588,Not found
1589,8 October 1982 (USA)
1590,May 1982 (France)
1591,14 January 1983 (USA)
1592,6 June 1999 (USA)
1593,17 December 1982 (USA)
1594,18 November 1983 (USA)
1595,Not found
1596,2 January 2015 (USA)
1597,4 March 1983 (USA)
1598,Not found
1599,2 March 1984 (West Germany)
1600,9 March 2000 (Germany)
1601,Not found
1602,22 January 2020 (Austria)
1603,Not found
1604,Not found
1605,15 February 1983 (USA)
1606,12 August 2002 (USA)
1607,2014 (UK)
1608,Not found
1609,18 February 2002 (Switzerland)
1610,Not found
1611,1 May 1939 (UK)
1612,19 September 1984 (USA)
1613,1984 (USA)
1614,17 February 1984 (USA)
1615,14 October 2011 (USA)
1616,Not found
1617,4 May 2003 (USA)
1618,Not found
1619,27 July 1986 (USA)
1620,7 February 1986 (USA)
1621,Not found
1622,11 July 1997 (USA)
1623,1987 (USA)
1624,1 September 2002 (USA)
1625,1998 (UK)
1626,17 September 2009 (Australia)
1627,17 July 2017 (Serbia)
1628,Not found
1629,29 March 1985 (USA)
1630,Not found
1631,Not found
1632,Not found
1633,1997 (Italy)
1634,26 July 1985 (USA)
1635,29 October 1986 (USA)
1636,14 January 1994 (USA)
1637,Not found
1638,Not found
1639,28 August 2020 (USA)
1640,24 January 1986 (USA)
1641,1 March 1953 (USA)
1642,8 March 2014 (USA)
1643,29 January 1987 (Australia)
1644,25 December 1986 (USA)
1645,31 October 1986 (USA)
1646,21 April 1940 (Finland)
1647,February 2005 (Canada)
1648,28 October 2005 (Germany)
1649,4 March 1986 (Norway)
1650,Not found
1651,20 May 2014 (USA)
1652,Not found
1653,4 July 2014 (India)
1654,7 September 2018 (Nepal)
1655,Not found
1656,13 October 2020 (UK)
1657,24 May 2013 (France)
1658,1 May 1987 (Brazil)
1659,7 August 1990 (Italy)
1660,24 August 2010 (USA)
1661,8 November 2019 (Philippines)
1662,Not found
1663,Not found
1664,12 June 2009 (USA)
1665,Not found
1666,31 August 2012 (Canada)
1667,2004 (China)
1668,4 October 2010 (Canada)
1669,23 April 2016 (Spain)
1670,Not found
1671,Not found
1672,2 February 2018 (USA)
1673,6 July 2019 (USA)
1674,4 December 1987 (UK)
1675,14 April 1985 (UK)
1676,30 March 1983 (USA)
1677,8 June 1947 (UK)
1678,18 September 1987 (USA)
1679,7 May 1999 (UK)
1680,12 March 2007 (USA)
1681,30 March 1988 (USA)
1682,3 June 1988 (USA)
1683,18 December 2017 (UK)
1684,25 March 1988 (USA)
1685,8 May 1988 (USA)
1686,14 December 1988 (USA)
1687,11 December 1988 (USA)
1688,Not found
1689,8 December 2015 (USA)
1690,15 September 1989 (USA)
1691,31 March 2000 (USA)
1692,6 October 1988 (USA)
1693,18 December 1992 (USA)
1694,1 October 2019 (India)
1695,8 November 2009 (USA)
1696,14 December 2008 (India)
1697,Not found
1698,6 January 1989 (UK)
1699,14 June 1996 (USA)
1700,14 October 1994 (Spain)
1701,7 April 2009 (USA)
1702,9 April 2006 (Australia)
1703,21 December 2016 (France)
1704,April 2014 (USA)
1705,February 2014 (Germany)
1706,Not found
1707,13 January 1989 (USA)
1708,14 October 1989 (USA)
1709,11 December 1998 (USA)
1710,25 December 2002 (USA)
1711,Not found
1712,26 January 1990 (USA)
1713,14 May 2015 (USA)
1714,30 August 1989 (USA)
1715,22 November 1989 (USA)
1716,7 October 2012 (USA)
1717,1991 (USA)
1718,21 January 1990 (USA)
1719,Not found
1720,26 December 1990 (USA)
1721,2015 (Turkey)
1722,30 November 1990 (USA)
1723,24 September 1990 (USA)
1724,23 March 1990 (USA)
1725,10 May 2003 (Japan)
1726,1990 (UK)
1727,21 July 1967 (UK)
1728,9 November 1977 (USA)
1729,27 January 1992 (USA)
1730,Not found
1731,Not found
1732,17 January 2014 (USA)
1733,Not found
1734,23 March 1992 (USA)
1735,20 March 1992 (USA)
1736,7 October 2005 (USA)
1737,Not found
1738,15 July 2017 (USA)
1739,January 1992 (USA)
1740,16 January 1974 (USA)
1741,17 November 1999 (USA)
1742,19 December 1980 (USA)
1743,21 July 2005 (USA)
1744,Not found
1745,23 October 2009 (USA)
1746,1 October 2018 (UK)
1747,25 October 2019 (USA)
1748,1998 (USA)
1749,8 January 1993 (USA)
1750,28 April 2014 (USA)
1751,26 August 2011 (India)
1752,11 December 1992 (USA)
1753,Not found
1754,2 October 1992 (USA)
1755,28 August 1992 (USA)
1756,10 July 1992 (USA)
1757,23 August 1991 (South Africa)
1758,29 May 1992 (USA)
1759,Not found
1760,17 February 1994 (USA)
1761,1998 (USA)
1762,3 January 2017 (USA)
1763,1 January 1989 (USA)
1764,Not found
1765,2021 (USA)
1766,8 May 2011 (Australia)
1767,Not found
1768,Not found
1769,Not found
1770,Not found
1771,Not found
1772,1 October 1993 (USA)
1773,1 October 1993 (USA)
1774,12 February 1993 (USA)
1775,7 July 2006 (India)
1776,2016 (USA)
1777,Not found
1778,12 February 1993 (USA)
1779,21 August 2002 (France)
1780,6 September 2019 (Austria)
1781,14 May 1993 (USA)
1782,1 October 1993 (USA)
1783,3 June 1994 (UK)
1784,8 December 1993 (USA)
1785,24 February 1995 (USA)
1786,4 November 1994 (USA)
1787,9 April 1994 (USA)
1788,31 December 2009 (USA)
1789,6 November 1994 (USA)
1790,Not found
1791,Not found
1792,6 October 1995 (USA)
1793,10 October 2020 (Japan)
1794,Not found
1795,10 August 2014 (USA)
1796,2 June 1995 (USA)
1797,15 October 1995 (USA)
1798,5 February 1995 (USA)
1799,23 April 1995 (USA)
1800,23 January 2009 (USA)
1801,Not found
1802,Not found
1803,Not found
1804,Not found
1805,Not found
1806,14 October 2020 (USA)
1807,2 January 2007 (USA)
1808,13 September 1996 (USA)
1809,2 February 1997 (USA)
1810,12 April 1996 (USA)
1811,19 March 1997 (USA)
1812,24 December 1996 (USA)
1813,3 March 1996 (USA)
1814,7 March 1997 (USA)
1815,2003 (USA)
1816,28 February 1997 (USA)
1817,14 October 2005 (USA)
1818,10 March 2009 (USA)
1819,October 2015 (USA)
1820,Not found
1821,Not found
1822,24 July 1996 (USA)
1823,November 1955 (UK)
1824,6 June 1997 (USA)
1825,29 August 2003 (Norway)
1826,11 August 2005 (USA)
1827,5 July 2013 (India)
1828,25 December 2013 (Germany)
1829,20 March 2019 (USA)
1830,2 September 2000 (USA)
1831,19 September 1997 (USA)
1832,11 April 1997 (USA)
1833,15 August 2003 (USA)
1834,3 October 2018 (Australia)
1835,6 April 1997 (USA)
1836,Not found
1837,8 November 1964 (USA)
1838,18 September 2020 (USA)
1839,Not found
1840,7 October 2007 (UK)
1841,Not found
1842,18 September 2020 (USA)
1843,12 April 2011 (USA)
1844,6 September 2013 (USA)
1845,August 2014 (New Zealand)
1846,Not found
1847,Not found
1848,Not found
1849,Not found
1850,Not found
1851,Not found
1852,16 May 1997 (USA)
1853,17 January 1997 (USA)
1854,17 October 2002 (Denmark)
1855,26 April 2006 (USA)
1856,Not found
1857,Not found
1858,26 March 2010 (USA)
1859,2002 (Israel)
1860,Not found
1861,21 February 2013 (Russia)
1862,24 June 2016 (India)
1863,23 March 1997 (USA)
1864,17 October 1997 (USA)
1865,14 January 2000 (UK)
1866,Not found
1867,24 October 2003 (USA)
1868,5 September 2004 (Netherlands)
1869,Not found
1870,Not found
1871,1 December 2017 (Finland)
1872,Not found
1873,Not found
1874,31 October 2020 (USA)
1875,3 January 2016 (Russia)
1876,15 June 2018 (USA)
1877,13 November 1998 (USA)
1878,13 February 1998 (USA)
1879,24 October 2002 (Australia)
1880,Not found
1881,1997 (USA)
1882,7 August 1970 (Denmark)
1883,1976 (USA)
1884,20 September 2012 (Germany)
1885,Not found
1886,9 June 2020 (USA)
1887,9 September 2007 (UK)
1888,2018 (USA)
1889,18 January 2011 (Australia)
1890,30 November 2010 (UK)
1891,10 August 2012 (USA)
1892,2018 (USA)
1893,Not found
1894,Not found
1895,26 September 1997 (Germany)
1896,Not found
1897,18 May 2001 (USA)
1898,17 February 1983 (USA)
1899,Not found
1900,1985 (Italy)
1901,Not found
1902,September 2009 (USA)
1903,1 April 1983 (UK)
1904,Not found
1905,Not found
1906,Not found
1907,Not found
1908,Not found
1909,29 March 2013 (UK)
1910,15 November 2017 (France)
1911,20 January 2006 (Japan)
1912,14 April 2000 (USA)
1913,19 August 2020 (USA)
1914,3 March 1999 (Sweden)
1915,3 March 2003 (Federal Republic of Yugoslavia)
1916,Not found
1917,28 December 1998 (France)
1918,Not found
1919,12 September 2007 (Spain)
1920,Not found
1921,Not found
1922,25 August 2012 (Australia)
1923,12 October 1999 (USA)
1924,Not found
1925,Not found
1926,Not found
1927,10 December 2014 (Australia)
1928,Not found
1929,19 June 1998 (Denmark)
1930,Not found
1931,Not found
1932,25 January 2018 (USA)
1933,12 May 2002 (USA)
1934,18 January 2004 (USA)
1935,15 October 2004 (USA)
1936,Not found
1937,23 February 2018 (USA)
1938,23 January 1933 (UK)
1939,22 December 1946 (UK)
1940,16 January 1983 (UK)
1941,20 June 1948 (UK)
1942,25 December 2000 (Brazil)
1943,Not found
1944,Not found
1945,Not found
1946,19 November 1958 (Sweden)
1947,5 January 1961 (Norway)
1948,1 August 1963 (Netherlands)
1949,24 December 1972 (UK)
1950,Not found
1951,28 November 1999 (USA)
1952,14 January 1970 (Denmark)
1953,19 September 2009 (USA)
1954,Not found
1955,1989 (USA)
1956,Not found
1957,Not found
1958,4 February 2001 (Ireland)
1959,3 February 2020 (Russia)
1960,11 August 2020 (USA)
1961,Not found
1962,Not found
1963,Not found
1964,17 September 2001 (USA)
1965,14 July 2016 (New Zealand)
1966,1 November 1992 (USA)
1967,March 2010 (New Zealand)
1968,18 January 1966 (Finland)
1969,13 September 2014 (India)
1970,Not found
1971,1984 (USA)
1972,Not found
1973,Not found
1974,6 March 2020 (UK)
1975,Not found
1976,2 May 2017 (USA)
1977,Not found
1978,Not found
1979,Not found
1980,3 October 1979 (USA)
1981,Not found
1982,12 June 1964 (Czechoslovakia)
1983,18 April 1990 (France)
1984,26 September 2019 (Russia)
1985,Not found
1986,6 January 1956 (France)
1987,1993 (Portugal)
1988,14 April 2014 (Russia)
1989,28 December 1981 (Italy)
1990,Not found
1991,20 November 1958 (USA)
1992,24 April 1974 (USA)
1993,3 May 1938 (UK)
1994,28 April 1959 (USA)
1995,25 August 2000 (USA)
1996,March 1978 (USA)
1997,Not found
1998,2000 (India)
1999,Not found
2000,Not found
2001,Not found
2002,21 July 1965 (Australia)
2003,27 March 1979 (UK)
2004,19 July 1956 (UK)
2005,5 June 2000 (USA)
2006,Not found
2007,30 September 2007 (South Korea)
2008,12 March 2014 (USA)
2009,2009 (Bangladesh)
2010,Not found
2011,22 October 1999 (Greece)
2012,3 May 2011 (USA)
2013,2 June 2015 (USA)
2014,Not found
2015,Not found
2016,9 April 1956 (Philippines)
2017,7 April 1966 (Portugal)
2018,1 July 2017 (USA)
2019,30 October 2009 (France)
2020,12 September 2010 (Canada)
2021,12 September 2014 (USA)
2022,1 September 2015 (USA)
2023,Not found
2024,28 January 1985 (UK)
2025,1996 (UK)
2026,Not found
2027,17 October 2001 (USA)
2028,26 August 2001 (Norway)
2029,26 October 2012 (India)
2030,15 December 2020 (USA)
2031,14 January 2020 (USA)
2032,Not found
2033,26 October 2012 (India)
2034,Not found
2035,September 2016 (Turkey)
2036,Not found
2037,6 March 2020 (USA)
2038,6 September 2014 (UK)
2039,23 June 2017 (USA)
2040,10 October 2018 (USA)
2041,24 March 2001 (USA)
2042,26 May 2001 (USA)
2043,13 July 2001 (USA)
2044,Not found
2045,24 February 2012 (Ireland)
2046,7 March 2002 (Germany)
2047,17 March 2005 (UK)
2048,15 October 1969 (Ireland)
2049,Not found
2050,16 March 2001 (Norway)
2051,Not found
2052,Not found
2053,11 December 2010 (USA)
2054,Not found
2055,1 January 1984 (Brazil)
2056,1 July 2001 (France)
2057,Not found
2058,October 1918 (UK)
2059,Not found
2060,1 February 2014 (USA)
2061,30 November 1958 (USA)
2062,18 July 2008 (USA)
2063,20 October 2001 (USA)
2064,8 January 1978 (West Germany)
2065,25 December 2008 (USA)
2066,2013 (USA)
2067,27 March 2014 (USA)
2068,28 September 1928 (UK)
2069,3 January 2006 (UK)
2070,6 November 1947 (UK)
2071,Not found
2072,20 April 2007 (UK)
2073,2018 (Italy)
2074,Not found
2075,16 January 2002 (USA)
2076,17 December 2004 (USA)
2077,13 January 2005 (USA)
2078,Not found
2079,Not found
2080,4 May 2008 (USA)
2081,January 2008 (UK)
2082,19 December 2012 (Uganda)
2083,9 January 2004 (USA)
2084,9 September 2012 (Mongolia)
2085,7 November 2003 (USA)
2086,Not found
2087,2002 (USA)
2088,Not found
2089,16 September 2009 (Philippines)
2090,1 January 2012 (USA)
2091,Not found
2092,21 March 2008 (India)
2093,11 April 2008 (USA)
2094,17 July 2007 (USA)
2095,Not found
2096,17 March 2011 (Kuwait)
2097,19 February 2016 (USA)
2098,2007 (Netherlands)
2099,27 September 2002 (UK)
2100,3 October 2014 (USA)
2101,11 December 1984 (USA)
2102,10 March 1964 (Canada)
2103,3 December 2004 (USA)
2104,Not found
2105,1 February 2015 (Iran)
2106,7 September 2006 (UK)
2107,21 March 1960 (USA)
2108,2 May 1950 (UK)
2109,17 September 1981 (South Africa)
2110,7 April 1985 (UK)
2111,12 December 1972 (USA)
2112,3 June 1964 (USA)
2113,30 April 2004 (USA)
2114,Not found
2115,Not found
2116,1 January 2004 (USA)
2117,2000 (UK)
2118,19 June 2008 (USA)
2119,20 September 2007 (UK)
2120,5 September 1996 (USA)
2121,4 November 2005 (USA)
2122,26 May 2006 (USA)
2123,1982 (USA)
2124,5 September 2018 (USA)
2125,13 April 1979 (UK)
2126,30 June 2016 (USA)
2127,1988 (USA)
2128,2 September 2015 (USA)
2129,22 December 2006 (USA)
2130,25 May 2007 (USA)
2131,16 October 2013 (USA)
2132,Not found
2133,15 November 1971 (USA)
2134,12 March 2011 (UK)
2135,Not found
2136,Not found
2137,2018 (USA)
2138,Not found
2139,16 December 1960 (USA)
2140,12 March 2007 (USA)
2141,Not found
2142,12 June 2013 (France)
2143,Not found
2144,20 July 2014 (USA)
2145,28 July 2015 (USA)
2146,Not found
2147,Not found
2148,Not found
2149,Not found
2150,Not found
2151,Not found
2152,18 September 2020 (USA)
2153,July 2007 (New Zealand)
2154,9 August 2020 (Australia)
2155,13 April 2018 (UK)
2156,Not found
2157,Not found
2158,16 September 2020 (UK)
2159,20 November 2018 (USA)
2160,Not found
2161,Not found
2162,Not found
2163,Not found
2164,25 December 2011 (USA)
2165,7 July 2013 (USA)
2166,2 December 2012 (USA)
2167,2017 (USA)
2168,Not found
2169,Not found
2170,20 April 2012 (Austria)
2171,1 March 2020 (USA)
2172,8 July 2016 (Spain)
2173,27 November 1988 (Australia)
2174,21 June 1961 (Australia)
2175,Not found
2176,9 November 2008 (USA)
2177,21 August 2015 (UK)
2178,2020 (USA)
2179,2020 (UK)
2180,2008 (UK)
2181,1 January 2014 (France)
2182,March 2016 (USA)
2183,24 October 2016 (UK)
2184,Not found
2185,Not found
2186,18 December 2015 (USA)
2187,Not found
2188,8 October 2017 (UK)
2189,Not found
2190,Not found
2191,13 December 1988 (Australia)
2192,14 July 2004 (Japan)
2193,9 October 2009 (USA)
2194,10 October 2007 (USA)
2195,24 January 2019 (USA)
2196,23 January 2009 (USA)
2197,Not found
2198,28 January 2011 (USA)
2199,24 September 2002 (UK)
2200,2011 (Spain)
2201,14 April 2013 (USA)
2202,4 April 2014 (UK)
2203,September 2013 (Sweden)
2204,Not found
2205,Not found
2206,3 September 2010 (USA)
2207,2021 (USA)
2208,Not found
2209,25 December 2016 (USA)
2210,Not found
2211,19 January 2008 (USA)
2212,Not found
2213,1 November 2019 (USA)
2214,8 September 2008 (USA)
2215,18 December 2020 (USA)
2216,8 June 1962 (UK)
2217,11 November 2008 (USA)
2218,2006 (USA)
2219,16 July 2008 (France)
2220,1976 (Japan)
2221,Not found
2222,Not found
2223,14 February 2018 (USA)
2224,Not found
2225,Not found
2226,Not found
2227,20 March 2003 (UK)
2228,14 February 2013 (UK)
2229,3 June 2012 (Greece)
2230,Not found
2231,Not found
2232,Not found
2233,Not found
2234,Not found
2235,12 December 2014 (USA)
2236,19 October 2018 (UK)
2237,April 2009 (USA)
2238,30 March 2016 (USA)
2239,16 October 2020 (USA)
2240,10 January 2014 (USA)
2241,Not found
2242,Not found
2243,Not found
2244,Not found
2245,Not found
2246,25 May 2014 (USA)
2247,1995 (UK)
2248,20 June 2014 (USA)
2249,Not found
2250,15 February 2016 (Austria)
2251,Not found
2252,Not found
2253,24 February 2011 (USA)
2254,Not found
2255,Not found
2256,Not found
2257,Not found
2258,Not found
2259,Not found
2260,Not found
2261,8 March 2014 (USA)
2262,Not found
2263,1991 (Japan)
2264,7 January 2014 (France)
2265,24 November 2014 (UK)
2266,Not found
2267,Not found
2268,28 February 1962 (UK)
2269,14 May 2017 (USA)
2270,Not found
2271,13 June 2017 (USA)
2272,Not found
2273,Not found
2274,Not found
2275,Not found
2276,Not found
